<?xml version="1.0" encoding="UTF-8"?>
<rss version="2.0" xmlns:ror="http://rorweb.com/0.1/" >
<channel>
  <title>ROR Sitemap for https://pingtax.co.id/</title>
  <link>https://pingtax.co.id/</link>

<item>
     <link>https://pingtax.co.id/</link>
     <title>Jasa Konsultan Pajak | Tax Consultant | Certified | Pingtax</title>
     <description>Pingtax adalah Konsultan Pajak profesional dan bersertifikat. Pingtax melayani Jasa Konsultan Pajak di Jakarta, Bogor, Depok, Tangerang, Bekasi, Bandung, Semarang, Surabaya, Padang, Medan, Bali dan kota lainnya di Indonesia.</description>
     <ror:updatePeriod></ror:updatePeriod>
     <ror:sortOrder>0</ror:sortOrder>
     <ror:resourceOf>sitemap</ror:resourceOf>
</item>
<item>
     <link>https://pingtax.co.id/layanan</link>
     <title>Pingtax - Tax Consultant and Accounting service</title>
     <description>Pingtax provides Tax Consultant service such as arranging Company or Individual Annual Tax Return, Periodic Tax Return, Bookkeeping (accounting), Tax dispute, and any other taxation or accounting services.</description>
     <ror:updatePeriod></ror:updatePeriod>
     <ror:sortOrder>1</ror:sortOrder>
     <ror:resourceOf>sitemap</ror:resourceOf>
</item>
<item>
     <link>https://pingtax.co.id/belajar-pajak</link>
     <title>Belajar Pajak | Pingtax</title>
     <description>Belajar pajak bersama Pingtax adalah salah satu bentuk dedikasi kami untuk mengedukasi Wajib Pajak mengenai Perpajakan Indonesia.</description>
     <ror:updatePeriod></ror:updatePeriod>
     <ror:sortOrder>1</ror:sortOrder>
     <ror:resourceOf>sitemap</ror:resourceOf>
</item>
<item>
     <link>https://pingtax.co.id/tentang</link>
     <title>About Us | Pingtax Consultant</title>
     <description>Pingtax is a Tax Consultant Office that have licences in Tax Consultant and Accounting. Pingtax is ready to serve you with professionalism and high integrity for the precise, accurate, and sustainable result. </description>
     <ror:updatePeriod></ror:updatePeriod>
     <ror:sortOrder>1</ror:sortOrder>
     <ror:resourceOf>sitemap</ror:resourceOf>
</item>
<item>
     <link>https://pingtax.co.id/kontak</link>
     <title>Contact Us | Pingtax Consultant </title>
     <description>Contact us through support@pingtax.co.id or listed contacts on Pingtax Consultant’ website</description>
     <ror:updatePeriod></ror:updatePeriod>
     <ror:sortOrder>1</ror:sortOrder>
     <ror:resourceOf>sitemap</ror:resourceOf>
</item>
<item>
     <link>https://pingtax.co.id/belajar-pajak/pph-pasal-25-tahun-2022-dan-2020</link>
     <title>Perhitungan PPh Pasal 25 - Tarif PPh Badan Tahun 2020, 2021 dan 2022</title>
     <description>Tarif PPh Badan tahun 2020 dan 2021 adalah 22% dan tahun 2022 adalah 20%. Tarif baru ini mempengaruhi penghitungan angsuran PPh Pasal 25 dan SPT PPh Badan.</description>
     <ror:updatePeriod></ror:updatePeriod>
     <ror:sortOrder>2</ror:sortOrder>
     <ror:resourceOf>sitemap</ror:resourceOf>
</item>
<item>
     <link>https://pingtax.co.id/belajar-pajak/pph-pasal-4-ayat-2-pph-final-pengertian-tarif</link>
     <title>PPh Pasal 4 Ayat (2) (PPh Final) - Pengertian dan Tarif</title>
     <description>PPh Pasal 4 Ayat (2) adalah PPh yang bersifat Final. Berikut Pengertian dan Tarif PPh Final UMKM (PP 23/2018), Sewa Tanah dan Bangunan, Deposito, Jasa Konstruksi, Undian, Bunga Simpanan Koperasi, Penjualan Saham dan Objek lainnya</description>
     <ror:updatePeriod></ror:updatePeriod>
     <ror:sortOrder>2</ror:sortOrder>
     <ror:resourceOf>sitemap</ror:resourceOf>
</item>
<item>
     <link>https://pingtax.co.id/belajar-pajak/perhitungan-pph-21-ptkp-dan-contoh-soal</link>
     <title>PPh Pasal 21 (PPh 21)  Pengertian, Perhitungan, Contoh Soal</title>
     <description>Penghitungan PPh 21 karyawan atau pegawai. Dalam perhitungan wajib memperhatikan gaji, THR, bonus, asuransi, JKK, JKM, PTKP dan lapisan tarif</description>
     <ror:updatePeriod></ror:updatePeriod>
     <ror:sortOrder>2</ror:sortOrder>
     <ror:resourceOf>sitemap</ror:resourceOf>
</item>
<item>
     <link>https://pingtax.co.id/belajar-pajak/pajak-pertambahan-nilai-ppn-pengertian-tarif-contoh</link>
     <title>Pajak Pertambahan Nilai (PPN) – Pengertian, Tarif, Contoh</title>
     <description>PPN adalah singkatan dari Pajak Pertambahan Nilai. PPN bukan hanya tentang tarif 10%, banyak sekali hal yang dibahas dalam PPN dan tentunya anda harus cermat dalam menentukan pajak masukan dan pajak keluaran.</description>
     <ror:updatePeriod></ror:updatePeriod>
     <ror:sortOrder>2</ror:sortOrder>
     <ror:resourceOf>sitemap</ror:resourceOf>
</item>
<item>
     <link>https://pingtax.co.id/belajar-pajak/pph-pasal-23-jasa-sewa-bunga-royalti-hadiah-penghargaan-deviden</link>
     <title>PPh Pasal 23 (PPh 23) - Jasa, Sewa, Bunga, Royalti, Hadiah, Penghargaan, Deviden</title>
     <description>PPh Pasal 23 atas Jasa, Sewa, Deviden, Bunga, Royalti serta hadiah dan penghargaan.</description>
     <ror:updatePeriod></ror:updatePeriod>
     <ror:sortOrder>2</ror:sortOrder>
     <ror:resourceOf>sitemap</ror:resourceOf>
</item>
<item>
     <link>https://pingtax.co.id/belajar-pajak/pph-21-bukan-pegawai-berkesinambungan-dan-tidak-berkesinambungan</link>
     <title>PPh 21 Bukan Pegawai berkesinambungan dan tidak berkesinambungan</title>
     <description>Pengertian, tarif, perhitungan Bukan Pegawai Berkesinambungan dan tidak berkesinambungan dalam PPh 21.</description>
     <ror:updatePeriod></ror:updatePeriod>
     <ror:sortOrder>2</ror:sortOrder>
     <ror:resourceOf>sitemap</ror:resourceOf>
</item>
</channel>
</rss>
  